liberica-11.0.11+9	bellsoft-jdk11.0.11+9-windows-aarch64.zip	https://github.com/bell-sw/Liberica/releases/download/11.0.11+9/bellsoft-jdk11.0.11+9-windows-aarch64.zip	a715baf1c8eb5688ef8326a52106516c2f27c424654d97761842d5705e9a2e09
liberica-11.0.12+7	bellsoft-jdk11.0.12+7-windows-aarch64.zip	https://github.com/bell-sw/Liberica/releases/download/11.0.12+7/bellsoft-jdk11.0.12+7-windows-aarch64.zip	35781d57b9bd9e369a6a1ab50e112a625a429224d88fa5b233cb7b359f2a0ea4
liberica-11.0.13+8	bellsoft-jdk11.0.13+8-windows-aarch64.zip	https://github.com/bell-sw/Liberica/releases/download/11.0.13+8/bellsoft-jdk11.0.13+8-windows-aarch64.zip	16f354d6418a2f5cdca481612aa8bf39668e44ac83b70ac84d89978dd5f80f44
liberica-11.0.14+9	bellsoft-jdk11.0.14+9-windows-aarch64.zip	https://github.com/bell-sw/Liberica/releases/download/11.0.14+9/bellsoft-jdk11.0.14+9-windows-aarch64.zip	75d04b65224df2758896403c723722cf38aace1b937c2fe214f9067432ba517e
liberica-11.0.14.1+1	bellsoft-jdk11.0.14.1+1-windows-aarch64.zip	https://github.com/bell-sw/Liberica/releases/download/11.0.14.1+1/bellsoft-jdk11.0.14.1+1-windows-aarch64.zip	8754db0f9595afce08be30ab30d9d25c51c92a3dbf0afb25fd9740c565c70213
liberica-11.0.15+10	bellsoft-jdk11.0.15+10-windows-aarch64.zip	https://github.com/bell-sw/Liberica/releases/download/11.0.15+10/bellsoft-jdk11.0.15+10-windows-aarch64.zip	5670a5339fd3fd6e0a70adfd1302c1d445f4a8dddbad4322998ab508ade551f5
liberica-11.0.15.1+2	bellsoft-jdk11.0.15.1+2-windows-aarch64.zip	https://github.com/bell-sw/Liberica/releases/download/11.0.15.1+2/bellsoft-jdk11.0.15.1+2-windows-aarch64.zip	55f29d60b9139f1e88cb93b40bcb1e972447b1928e6abef573d460f680c2074c
liberica-11.0.16+8	bellsoft-jdk11.0.16+8-windows-aarch64.zip	https://github.com/bell-sw/Liberica/releases/download/11.0.16+8/bellsoft-jdk11.0.16+8-windows-aarch64.zip	d19a83b5c22aa3387b1698827042537eb38ae9ba07920a934925a6b0ae691bc8
liberica-11.0.16.1+1	bellsoft-jdk11.0.16.1+1-windows-aarch64.zip	https://github.com/bell-sw/Liberica/releases/download/11.0.16.1+1/bellsoft-jdk11.0.16.1+1-windows-aarch64.zip	0f66a4822d3970ffd8e0edf1d295c8ad09c78bd3e5cddd70cb3165f72bdb16b5
liberica-11.0.17+7	bellsoft-jdk11.0.17+7-windows-aarch64.zip	https://github.com/bell-sw/Liberica/releases/download/11.0.17+7/bellsoft-jdk11.0.17+7-windows-aarch64.zip	ebf36215e98a22acb6a07e46b5a1478f9bb61a9356bf6a53793dc2e258c63929
liberica-11.0.18+10	bellsoft-jdk11.0.18+10-windows-aarch64.zip	https://github.com/bell-sw/Liberica/releases/download/11.0.18+10/bellsoft-jdk11.0.18+10-windows-aarch64.zip	421eef4131355153d7ae346fe9be7a5063d2a6bd2b2bc947ecbe31131f622a06
liberica-11.0.19+7	bellsoft-jdk11.0.19+7-windows-aarch64.zip	https://github.com/bell-sw/Liberica/releases/download/11.0.19+7/bellsoft-jdk11.0.19+7-windows-aarch64.zip	6e0721995c22067295529fc084a23697f44156dcfbd6956a477a397e33e98667
liberica-16.0.1+9	bellsoft-jdk16.0.1+9-windows-aarch64.zip	https://github.com/bell-sw/Liberica/releases/download/16.0.1+9/bellsoft-jdk16.0.1+9-windows-aarch64.zip	32653ae2ae25ab457ab486bd03b92e75591c03b3cde53b2dae4cef34a30fb5d6
liberica-16.0.2+7	bellsoft-jdk16.0.2+7-windows-aarch64.zip	https://github.com/bell-sw/Liberica/releases/download/16.0.2+7/bellsoft-jdk16.0.2+7-windows-aarch64.zip	dc7e1a50ee289c50aa671be39bc233be6d900712b7d138c7c048f905ae0b4a9f
liberica-17+35	bellsoft-jdk17+35-windows-aarch64.zip	https://github.com/bell-sw/Liberica/releases/download/17+35/bellsoft-jdk17+35-windows-aarch64.zip	84149f1fca03d5ac7a8771055187abd0e7abc0fa35eec5836d1fef6c3c38274f
liberica-17.0.1+12	bellsoft-jdk17.0.1+12-windows-aarch64.zip	https://github.com/bell-sw/Liberica/releases/download/17.0.1+12/bellsoft-jdk17.0.1+12-windows-aarch64.zip	136d0d010eaba77616bac0b640a0b57a2dec2fb4adee64e43e4f260441775ec0
liberica-17.0.2+9	bellsoft-jdk17.0.2+9-windows-aarch64.zip	https://github.com/bell-sw/Liberica/releases/download/17.0.2+9/bellsoft-jdk17.0.2+9-windows-aarch64.zip	cc56737f4b85d6e0fba3936372e7833005e4f2c0b84133e423dbaa424dde3afb
liberica-17.0.3+7	bellsoft-jdk17.0.3+7-windows-aarch64.zip	https://github.com/bell-sw/Liberica/releases/download/17.0.3+7/bellsoft-jdk17.0.3+7-windows-aarch64.zip	1f8093ee9edf54cca594e50b85355ec1775125eab518a3cc24e5d76cdecff50c
liberica-17.0.3.1+2	bellsoft-jdk17.0.3.1+2-windows-aarch64.zip	https://github.com/bell-sw/Liberica/releases/download/17.0.3.1+2/bellsoft-jdk17.0.3.1+2-windows-aarch64.zip	34ab729c1056610df61c0b6a59c672b604d2c42d60184058cc57f04b5d30db2b
liberica-17.0.4+8	bellsoft-jdk17.0.4+8-windows-aarch64.zip	https://github.com/bell-sw/Liberica/releases/download/17.0.4+8/bellsoft-jdk17.0.4+8-windows-aarch64.zip	d4bd0370e4b7ef01ee63a629b4105b27dc10a301974139863c3058989b0bc339
liberica-17.0.4.1+1	bellsoft-jdk17.0.4.1+1-windows-aarch64.zip	https://github.com/bell-sw/Liberica/releases/download/17.0.4.1+1/bellsoft-jdk17.0.4.1+1-windows-aarch64.zip	99dd8629f2a4e27e97cd59b9f737fc93341ac135f2db18c1c0a2974af18d11f8
liberica-17.0.5+8	bellsoft-jdk17.0.5+8-windows-aarch64.zip	https://github.com/bell-sw/Liberica/releases/download/17.0.5+8/bellsoft-jdk17.0.5+8-windows-aarch64.zip	f2f9f6fc689e5913acef9f307fc97eb805a45bb6db708724758e008fa9d78880
liberica-17.0.6+10	bellsoft-jdk17.0.6+10-windows-aarch64.zip	https://github.com/bell-sw/Liberica/releases/download/17.0.6+10/bellsoft-jdk17.0.6+10-windows-aarch64.zip	edb14e5b8190e9900e647d6dad6287de50101e732699c66e9a335df3a1ec4376
liberica-17.0.7+7	bellsoft-jdk17.0.7+7-windows-aarch64.zip	https://github.com/bell-sw/Liberica/releases/download/17.0.7+7/bellsoft-jdk17.0.7+7-windows-aarch64.zip	c6cb9a7b16dc37d48b8157dca17a302f90f5ebd932c06a9b92164e9e8e713d1a
liberica-18+37	bellsoft-jdk18+37-windows-aarch64.zip	https://github.com/bell-sw/Liberica/releases/download/18+37/bellsoft-jdk18+37-windows-aarch64.zip	119bfdc582213caf3c69e6e83bc1690160d2057b4df58b3883e0c58cc67fe231
liberica-18.0.1+12	bellsoft-jdk18.0.1+12-windows-aarch64.zip	https://github.com/bell-sw/Liberica/releases/download/18.0.1+12/bellsoft-jdk18.0.1+12-windows-aarch64.zip	2b86d2d2c137e364d25175dd65b35b093bf9933b0db0482aaaa4dc1d8101cb87
liberica-18.0.1.1+2	bellsoft-jdk18.0.1.1+2-windows-aarch64.zip	https://github.com/bell-sw/Liberica/releases/download/18.0.1.1+2/bellsoft-jdk18.0.1.1+2-windows-aarch64.zip	0767039acd75391a7980d9a0457de686f65dadaf5006809975ae593c908b7f84
liberica-18.0.2+10	bellsoft-jdk18.0.2+10-windows-aarch64.zip	https://github.com/bell-sw/Liberica/releases/download/18.0.2+10/bellsoft-jdk18.0.2+10-windows-aarch64.zip	97505022d442163f303c80d411b3c2aa19b6617b8546f6483f0d9857a3af26de
liberica-18.0.2.1+1	bellsoft-jdk18.0.2.1+1-windows-aarch64.zip	https://github.com/bell-sw/Liberica/releases/download/18.0.2.1+1/bellsoft-jdk18.0.2.1+1-windows-aarch64.zip	07d7c38214ac6cca5d3df62e8a2d664633e327c36b6c859a47a8f3c590ee3079
liberica-19+37	bellsoft-jdk19+37-windows-aarch64.zip	https://github.com/bell-sw/Liberica/releases/download/19+37/bellsoft-jdk19+37-windows-aarch64.zip	9d5872b5a906bd0eb4b46e7068f781a61b6f3e7dc54f7c9531bf50f2994cfad3
liberica-19.0.1+11	bellsoft-jdk19.0.1+11-windows-aarch64.zip	https://github.com/bell-sw/Liberica/releases/download/19.0.1+11/bellsoft-jdk19.0.1+11-windows-aarch64.zip	9370a0230b44988e8f0c965666efb366ef41ad16f40e79e4dd58e3d809c06767
liberica-19.0.2+9	bellsoft-jdk19.0.2+9-windows-aarch64.zip	https://github.com/bell-sw/Liberica/releases/download/19.0.2+9/bellsoft-jdk19.0.2+9-windows-aarch64.zip	1e2e290b1303b6be6c19c5c1b70f43b17f1595d2d6eaff2182b53f88cf304deb
liberica-20+37	bellsoft-jdk20+37-windows-aarch64.zip	https://github.com/bell-sw/Liberica/releases/download/20+37/bellsoft-jdk20+37-windows-aarch64.zip	1d360dc2900ef6331aa5b0531564f64e0eb997fbe15d0e999f290b389683d027
liberica-20.0.1+10	bellsoft-jdk20.0.1+10-windows-aarch64.zip	https://github.com/bell-sw/Liberica/releases/download/20.0.1+10/bellsoft-jdk20.0.1+10-windows-aarch64.zip	efb45bb7bbedc4babca2ae737916db09586bb2edcc6d51993b50cc9cfd90fcca
liberica-javafx-11.0.11+9	bellsoft-jdk11.0.11+9-windows-aarch64-full.zip	https://github.com/bell-sw/Liberica/releases/download/11.0.11+9/bellsoft-jdk11.0.11+9-windows-aarch64-full.zip	09ae40be02c936789db23c89ae57f65e8fb86870ef6f4fceb922d67144498921
liberica-javafx-11.0.12+7	bellsoft-jdk11.0.12+7-windows-aarch64-full.zip	https://github.com/bell-sw/Liberica/releases/download/11.0.12+7/bellsoft-jdk11.0.12+7-windows-aarch64-full.zip	5b0745e2ccfd2a8b03c9945bd3f4d93047f2f978b717b5e6ba8e6f25169012b5
liberica-javafx-11.0.13+8	bellsoft-jdk11.0.13+8-windows-aarch64-full.zip	https://github.com/bell-sw/Liberica/releases/download/11.0.13+8/bellsoft-jdk11.0.13+8-windows-aarch64-full.zip	3d3a1c421539f05acf50e446384b2d0925fe10f17913159decf5e69c665997bf
liberica-javafx-11.0.14+9	bellsoft-jdk11.0.14+9-windows-aarch64-full.zip	https://github.com/bell-sw/Liberica/releases/download/11.0.14+9/bellsoft-jdk11.0.14+9-windows-aarch64-full.zip	8ba55793dc72233ca319084666f6759da0007c8af5ff3eb06c56d7eb9fcba323
liberica-javafx-11.0.14.1+1	bellsoft-jdk11.0.14.1+1-windows-aarch64-full.zip	https://github.com/bell-sw/Liberica/releases/download/11.0.14.1+1/bellsoft-jdk11.0.14.1+1-windows-aarch64-full.zip	03190e9df0a27bb3102a9ec77ac155268cd955282a4499a56ac87ac33026185e
liberica-javafx-11.0.15+10	bellsoft-jdk11.0.15+10-windows-aarch64-full.zip	https://github.com/bell-sw/Liberica/releases/download/11.0.15+10/bellsoft-jdk11.0.15+10-windows-aarch64-full.zip	fc80317c8c3c1c75e5b6c02c519d2f95ce7ad11f9bbedf2c47ce0bfc8feabdc3
liberica-javafx-11.0.15.1+2	bellsoft-jdk11.0.15.1+2-windows-aarch64-full.zip	https://github.com/bell-sw/Liberica/releases/download/11.0.15.1+2/bellsoft-jdk11.0.15.1+2-windows-aarch64-full.zip	0de1188543016532bee170d92765939e32cb3e69794ffbfcdd234e40f7343fef
liberica-javafx-11.0.16+8	bellsoft-jdk11.0.16+8-windows-aarch64-full.zip	https://github.com/bell-sw/Liberica/releases/download/11.0.16+8/bellsoft-jdk11.0.16+8-windows-aarch64-full.zip	cfd26e448aca476f83fb9f54da397999883591e1d75284601e31aa0d9bee9375
liberica-javafx-11.0.16.1+1	bellsoft-jdk11.0.16.1+1-windows-aarch64-full.zip	https://github.com/bell-sw/Liberica/releases/download/11.0.16.1+1/bellsoft-jdk11.0.16.1+1-windows-aarch64-full.zip	59e737802f39c006be37307347439c6577283cef8ec1fbe2861e6e5db7bdb7aa
liberica-javafx-11.0.17+7	bellsoft-jdk11.0.17+7-windows-aarch64-full.zip	https://github.com/bell-sw/Liberica/releases/download/11.0.17+7/bellsoft-jdk11.0.17+7-windows-aarch64-full.zip	35c70d7177b82a4be1483cea01f7896ee9152c8f5b739092e0a16c1bf4639f8b
liberica-javafx-11.0.18+10	bellsoft-jdk11.0.18+10-windows-aarch64-full.zip	https://github.com/bell-sw/Liberica/releases/download/11.0.18+10/bellsoft-jdk11.0.18+10-windows-aarch64-full.zip	451f9ef90b11140b1f0379756e2b6986d18a9ad16881902fafe8af8cd807930f
liberica-javafx-11.0.19+7	bellsoft-jdk11.0.19+7-windows-aarch64-full.zip	https://github.com/bell-sw/Liberica/releases/download/11.0.19+7/bellsoft-jdk11.0.19+7-windows-aarch64-full.zip	72330aa0141db0cba21e505205ebea9751b8a98161e416a1c84a43ff4393cc10
liberica-javafx-16.0.1+9	bellsoft-jdk16.0.1+9-windows-aarch64-full.zip	https://github.com/bell-sw/Liberica/releases/download/16.0.1+9/bellsoft-jdk16.0.1+9-windows-aarch64-full.zip	3cf7d1f72a2a62e96774bb1d6ea12b0edbb4f080ad84374cdc36b0dd322dd655
liberica-javafx-16.0.2+7	bellsoft-jdk16.0.2+7-windows-aarch64-full.zip	https://github.com/bell-sw/Liberica/releases/download/16.0.2+7/bellsoft-jdk16.0.2+7-windows-aarch64-full.zip	c441495ac1298490f6e1218987d1f040ba99d8aa60527a689b66a0eb5816df90
liberica-javafx-17+35	bellsoft-jdk17+35-windows-aarch64-full.zip	https://github.com/bell-sw/Liberica/releases/download/17+35/bellsoft-jdk17+35-windows-aarch64-full.zip	251a4726bb4e583918d39a5d7991f884e56fdb3fd82e62817d7e77f4476a6e1c
liberica-javafx-17.0.1+12	bellsoft-jdk17.0.1+12-windows-aarch64-full.zip	https://github.com/bell-sw/Liberica/releases/download/17.0.1+12/bellsoft-jdk17.0.1+12-windows-aarch64-full.zip	43ef11c44ec3f51ece19e5fd9a0567f6f708919572d411896c15da2d71a24978
liberica-javafx-17.0.2+9	bellsoft-jdk17.0.2+9-windows-aarch64-full.zip	https://github.com/bell-sw/Liberica/releases/download/17.0.2+9/bellsoft-jdk17.0.2+9-windows-aarch64-full.zip	f9ee110740bfaf971d35dad0c9153f88c55fa38061db6f9d382d928800719bc2
liberica-javafx-17.0.3+7	bellsoft-jdk17.0.3+7-windows-aarch64-full.zip	https://github.com/bell-sw/Liberica/releases/download/17.0.3+7/bellsoft-jdk17.0.3+7-windows-aarch64-full.zip	bf20fd2bb66b8529abea28fd240b690778e0eab2198c2c8e8d4a831fef214ee6
liberica-javafx-17.0.3.1+2	bellsoft-jdk17.0.3.1+2-windows-aarch64-full.zip	https://github.com/bell-sw/Liberica/releases/download/17.0.3.1+2/bellsoft-jdk17.0.3.1+2-windows-aarch64-full.zip	13518e92e7a3b13fc08c2cd76f458775542d3e90cc437f6c70bd68d187718e4b
liberica-javafx-17.0.4+8	bellsoft-jdk17.0.4+8-windows-aarch64-full.zip	https://github.com/bell-sw/Liberica/releases/download/17.0.4+8/bellsoft-jdk17.0.4+8-windows-aarch64-full.zip	a3a23f91d1e322c174807bef50e7bf3c9f771ec001fa89012da0dac1cac9fe87
liberica-javafx-17.0.4.1+1	bellsoft-jdk17.0.4.1+1-windows-aarch64-full.zip	https://github.com/bell-sw/Liberica/releases/download/17.0.4.1+1/bellsoft-jdk17.0.4.1+1-windows-aarch64-full.zip	e0b3f0c744262a40766883e53b4da78ffa3e188c6289e8aa50189978c6024b91
liberica-javafx-17.0.5+8	bellsoft-jdk17.0.5+8-windows-aarch64-full.zip	https://github.com/bell-sw/Liberica/releases/download/17.0.5+8/bellsoft-jdk17.0.5+8-windows-aarch64-full.zip	049d758c77d94ee455189b550f4d31342186742cba3d21d590b15d88e4e8d15e
liberica-javafx-17.0.6+10	bellsoft-jdk17.0.6+10-windows-aarch64-full.zip	https://github.com/bell-sw/Liberica/releases/download/17.0.6+10/bellsoft-jdk17.0.6+10-windows-aarch64-full.zip	2fbb61704ee8ac6bf09ccd6d2fccb5ae4c3ed4ea2421cc8c26550d72516ef7cb
liberica-javafx-17.0.7+7	bellsoft-jdk17.0.7+7-windows-aarch64-full.zip	https://github.com/bell-sw/Liberica/releases/download/17.0.7+7/bellsoft-jdk17.0.7+7-windows-aarch64-full.zip	7e7b9e6ad4b2fa61b90eb8494e8c3a2b5c91392bb063998bf16d184f10ae0e0f
liberica-javafx-18+37	bellsoft-jdk18+37-windows-aarch64-full.zip	https://github.com/bell-sw/Liberica/releases/download/18+37/bellsoft-jdk18+37-windows-aarch64-full.zip	ce4b4292c3c770e1e591991d05b8afb0b587a00d291f1886e61749bcc3f9e2d4
liberica-javafx-18.0.1+12	bellsoft-jdk18.0.1+12-windows-aarch64-full.zip	https://github.com/bell-sw/Liberica/releases/download/18.0.1+12/bellsoft-jdk18.0.1+12-windows-aarch64-full.zip	e87bcbc2674abf90512fff36d608f087c5914e0640b2d4ff840956357bca4c5c
liberica-javafx-18.0.1.1+2	bellsoft-jdk18.0.1.1+2-windows-aarch64-full.zip	https://github.com/bell-sw/Liberica/releases/download/18.0.1.1+2/bellsoft-jdk18.0.1.1+2-windows-aarch64-full.zip	ee74f3f5737d1f1f0bb211ca855c7a57b0df356dd40fe222f1e25abbff5706c8
liberica-javafx-18.0.2+10	bellsoft-jdk18.0.2+10-windows-aarch64-full.zip	https://github.com/bell-sw/Liberica/releases/download/18.0.2+10/bellsoft-jdk18.0.2+10-windows-aarch64-full.zip	3b5596a517d83d3feda2a4a80995ae69e073e122309e6bb1bea74a47d8cfb639
liberica-javafx-18.0.2.1+1	bellsoft-jdk18.0.2.1+1-windows-aarch64-full.zip	https://github.com/bell-sw/Liberica/releases/download/18.0.2.1+1/bellsoft-jdk18.0.2.1+1-windows-aarch64-full.zip	964d096227c56080e30c539afdbcd412583408da5795c535118f2e09a3c9a0d3
liberica-javafx-19+37	bellsoft-jdk19+37-windows-aarch64-full.zip	https://github.com/bell-sw/Liberica/releases/download/19+37/bellsoft-jdk19+37-windows-aarch64-full.zip	100cd2c828d23fbef9560377dedb6ab344fa6191923b35afaa4f94ef2c449df2
liberica-javafx-19.0.1+11	bellsoft-jdk19.0.1+11-windows-aarch64-full.zip	https://github.com/bell-sw/Liberica/releases/download/19.0.1+11/bellsoft-jdk19.0.1+11-windows-aarch64-full.zip	584d646cf185f2e157be5eeae2e05a3e6a838047a90b12f6cbd15ab146aa5c2e
liberica-javafx-19.0.2+9	bellsoft-jdk19.0.2+9-windows-aarch64-full.zip	https://github.com/bell-sw/Liberica/releases/download/19.0.2+9/bellsoft-jdk19.0.2+9-windows-aarch64-full.zip	a73edf6df03191988933861832fd192a1a696aac4ca5a19adbf9ca3f2a4686e6
liberica-javafx-20+37	bellsoft-jdk20+37-windows-aarch64-full.zip	https://github.com/bell-sw/Liberica/releases/download/20+37/bellsoft-jdk20+37-windows-aarch64-full.zip	25367f87cb4fe1ac190256f89ba573e79272264a1f3794220b963396e1ec62bb
liberica-javafx-20.0.1+10	bellsoft-jdk20.0.1+10-windows-aarch64-full.zip	https://github.com/bell-sw/Liberica/releases/download/20.0.1+10/bellsoft-jdk20.0.1+10-windows-aarch64-full.zip	d72ceaf84a8049e48789a7911eb1e7ac91bb71387eb018566353db281858eac2
liberica-jre-11.0.11+9	bellsoft-jre11.0.11+9-windows-aarch64.zip	https://github.com/bell-sw/Liberica/releases/download/11.0.11+9/bellsoft-jre11.0.11+9-windows-aarch64.zip	b542ad385a6143e10f9ec0083beb2c3dbc4e8be334fd43fb68b4c748229fc1fc
liberica-jre-11.0.12+7	bellsoft-jre11.0.12+7-windows-aarch64.zip	https://github.com/bell-sw/Liberica/releases/download/11.0.12+7/bellsoft-jre11.0.12+7-windows-aarch64.zip	9cc0ef00afb07481ca5bb0b41e838dd482873b4642e278047219b64a79f588cc
liberica-jre-11.0.13+8	bellsoft-jre11.0.13+8-windows-aarch64.zip	https://github.com/bell-sw/Liberica/releases/download/11.0.13+8/bellsoft-jre11.0.13+8-windows-aarch64.zip	5da3be5c4e0d3d666df5da924e24bc1d666fe62cb961e89fcff582e73389c0fa
liberica-jre-11.0.14+9	bellsoft-jre11.0.14+9-windows-aarch64.zip	https://github.com/bell-sw/Liberica/releases/download/11.0.14+9/bellsoft-jre11.0.14+9-windows-aarch64.zip	bd9703dd5aeb69a657830a5cf1dd7368a3da1a01a88a99dc019e99fd038cd96b
liberica-jre-11.0.14.1+1	bellsoft-jre11.0.14.1+1-windows-aarch64.zip	https://github.com/bell-sw/Liberica/releases/download/11.0.14.1+1/bellsoft-jre11.0.14.1+1-windows-aarch64.zip	d34f13228863ca9500ddac2c99189c231d9fec18dd7222764fe33bf80d71c04c
liberica-jre-11.0.15+10	bellsoft-jre11.0.15+10-windows-aarch64.zip	https://github.com/bell-sw/Liberica/releases/download/11.0.15+10/bellsoft-jre11.0.15+10-windows-aarch64.zip	5fe186c2cbb55f3ecc50232ab6bed63c12ecd755568812587c3cb7b4a966d2c3
liberica-jre-11.0.15.1+2	bellsoft-jre11.0.15.1+2-windows-aarch64.zip	https://github.com/bell-sw/Liberica/releases/download/11.0.15.1+2/bellsoft-jre11.0.15.1+2-windows-aarch64.zip	722f6f909037aa9007f373e103732b3725f6b6391b4958d51aac7a7037609af4
liberica-jre-11.0.16+8	bellsoft-jre11.0.16+8-windows-aarch64.zip	https://github.com/bell-sw/Liberica/releases/download/11.0.16+8/bellsoft-jre11.0.16+8-windows-aarch64.zip	7d2a873317aee8badf6e1a16d23c52cabf4172ff8f91a8157cf14bf651ee7e5d
liberica-jre-11.0.16.1+1	bellsoft-jre11.0.16.1+1-windows-aarch64.zip	https://github.com/bell-sw/Liberica/releases/download/11.0.16.1+1/bellsoft-jre11.0.16.1+1-windows-aarch64.zip	76168e9f8570719a2b92441cc4b3638de00524b8b29d83da1ea085d5c327f7a1
liberica-jre-11.0.17+7	bellsoft-jre11.0.17+7-windows-aarch64.zip	https://github.com/bell-sw/Liberica/releases/download/11.0.17+7/bellsoft-jre11.0.17+7-windows-aarch64.zip	ad4c95f130446f83f58368b0956e8559e840cc33a1d2da8c5fa0656b032b7a22
liberica-jre-11.0.18+10	bellsoft-jre11.0.18+10-windows-aarch64.zip	https://github.com/bell-sw/Liberica/releases/download/11.0.18+10/bellsoft-jre11.0.18+10-windows-aarch64.zip	25d545c524f622b8517c5d872c9eec3bee8cb7377b404d7b04b0ba6bb2681fd0
liberica-jre-11.0.19+7	bellsoft-jre11.0.19+7-windows-aarch64.zip	https://github.com/bell-sw/Liberica/releases/download/11.0.19+7/bellsoft-jre11.0.19+7-windows-aarch64.zip	f482e51a3189308e5cf4a1fede995863cdc63d8bb65b4ce425f5d90f6190a31f
liberica-jre-16.0.1+9	bellsoft-jre16.0.1+9-windows-aarch64.zip	https://github.com/bell-sw/Liberica/releases/download/16.0.1+9/bellsoft-jre16.0.1+9-windows-aarch64.zip	83d4b0a7ad02ce2daa27d850b47df00f8661c688e59190c569c0d98b7c31c1ed
liberica-jre-16.0.2+7	bellsoft-jre16.0.2+7-windows-aarch64.zip	https://github.com/bell-sw/Liberica/releases/download/16.0.2+7/bellsoft-jre16.0.2+7-windows-aarch64.zip	cc4c46a265fa67c44f2d96c01c3e2038647de53abe1c2fe2817e453e631a4aa5
liberica-jre-17+35	bellsoft-jre17+35-windows-aarch64.zip	https://github.com/bell-sw/Liberica/releases/download/17+35/bellsoft-jre17+35-windows-aarch64.zip	6d69ccd2049f827a3f87d8a2d792598d0cbddfa63edcf94525fc0efe07e861fc
liberica-jre-17.0.1+12	bellsoft-jre17.0.1+12-windows-aarch64.zip	https://github.com/bell-sw/Liberica/releases/download/17.0.1+12/bellsoft-jre17.0.1+12-windows-aarch64.zip	e10fecdd3da0fb42a82934b9200414ccd6e0346d377a54492f5c85b001ad713d
liberica-jre-17.0.2+9	bellsoft-jre17.0.2+9-windows-aarch64.zip	https://github.com/bell-sw/Liberica/releases/download/17.0.2+9/bellsoft-jre17.0.2+9-windows-aarch64.zip	1ccf7b18c92c62ae1743db2a71fb2ef3cd806600b1893faf34c9063aeff5e391
liberica-jre-17.0.3+7	bellsoft-jre17.0.3+7-windows-aarch64.zip	https://github.com/bell-sw/Liberica/releases/download/17.0.3+7/bellsoft-jre17.0.3+7-windows-aarch64.zip	7c11a7aebc715594c4c7fccb0565e3c6785bc4e3866e2acf64eded8e828afc39
liberica-jre-17.0.3.1+2	bellsoft-jre17.0.3.1+2-windows-aarch64.zip	https://github.com/bell-sw/Liberica/releases/download/17.0.3.1+2/bellsoft-jre17.0.3.1+2-windows-aarch64.zip	b40d4a2652458131676f25fcf138da793a0889e7cf277192ca8b598a39c17968
liberica-jre-17.0.4+8	bellsoft-jre17.0.4+8-windows-aarch64.zip	https://github.com/bell-sw/Liberica/releases/download/17.0.4+8/bellsoft-jre17.0.4+8-windows-aarch64.zip	ff6ac2b9542f3c951498290a5af9cf50d236f3559533246bd668bb0975283d45
liberica-jre-17.0.4.1+1	bellsoft-jre17.0.4.1+1-windows-aarch64.zip	https://github.com/bell-sw/Liberica/releases/download/17.0.4.1+1/bellsoft-jre17.0.4.1+1-windows-aarch64.zip	82dcd743542590b912b203fca316dabafc68733a329aa534f1ebf1e52dd29b30
liberica-jre-17.0.5+8	bellsoft-jre17.0.5+8-windows-aarch64.zip	https://github.com/bell-sw/Liberica/releases/download/17.0.5+8/bellsoft-jre17.0.5+8-windows-aarch64.zip	f2f34c565f8f2b2024ab8129968ac7411fbd899bbe7b2fd5b5ba0f5df6e3ba28
liberica-jre-17.0.6+10	bellsoft-jre17.0.6+10-windows-aarch64.zip	https://github.com/bell-sw/Liberica/releases/download/17.0.6+10/bellsoft-jre17.0.6+10-windows-aarch64.zip	ed2e6df25c61de61f8fa5fa55ec4ed902f67fcf89b178c69876e4c5dc22a1f9a
liberica-jre-17.0.7+7	bellsoft-jre17.0.7+7-windows-aarch64.zip	https://github.com/bell-sw/Liberica/releases/download/17.0.7+7/bellsoft-jre17.0.7+7-windows-aarch64.zip	9821fb846835be07814c2798f6aecf003a0ace8255e56bfd0bb579c1761b13fd
liberica-jre-18+37	bellsoft-jre18+37-windows-aarch64.zip	https://github.com/bell-sw/Liberica/releases/download/18+37/bellsoft-jre18+37-windows-aarch64.zip	b771603237ddd78105f7e05a30df6af5aad43ec64b4b669fd0820e75e6a95037
liberica-jre-18.0.1+12	bellsoft-jre18.0.1+12-windows-aarch64.zip	https://github.com/bell-sw/Liberica/releases/download/18.0.1+12/bellsoft-jre18.0.1+12-windows-aarch64.zip	448a1d0a31f79f2266db4b1df9a8c206c43c77cdcbbb245fe91a249e33ca50a9
liberica-jre-18.0.1.1+2	bellsoft-jre18.0.1.1+2-windows-aarch64.zip	https://github.com/bell-sw/Liberica/releases/download/18.0.1.1+2/bellsoft-jre18.0.1.1+2-windows-aarch64.zip	f7530e35e340f6d2bba624955688ff49645f216062fe640da42828bb32e1f557
liberica-jre-18.0.2+10	bellsoft-jre18.0.2+10-windows-aarch64.zip	https://github.com/bell-sw/Liberica/releases/download/18.0.2+10/bellsoft-jre18.0.2+10-windows-aarch64.zip	d0f64eb4c6674b8b33a4006fdcc4e3fd2a51869f174b71aa7cddab199aa00bd1
liberica-jre-18.0.2.1+1	bellsoft-jre18.0.2.1+1-windows-aarch64.zip	https://github.com/bell-sw/Liberica/releases/download/18.0.2.1+1/bellsoft-jre18.0.2.1+1-windows-aarch64.zip	f45f87a73e713c1cde1639e55ace1f9b33a783274f58b736119091842d2dbed2
liberica-jre-19+37	bellsoft-jre19+37-windows-aarch64.zip	https://github.com/bell-sw/Liberica/releases/download/19+37/bellsoft-jre19+37-windows-aarch64.zip	4f630bcb2ab09b114a94bc8856be6d96c16fdc91572f6b85ee0b983e47ed90c6
liberica-jre-19.0.1+11	bellsoft-jre19.0.1+11-windows-aarch64.zip	https://github.com/bell-sw/Liberica/releases/download/19.0.1+11/bellsoft-jre19.0.1+11-windows-aarch64.zip	7c4831cb5fe63032488a7954c3107194706efc8aefc1cc39c78af4435d9816db
liberica-jre-19.0.2+9	bellsoft-jre19.0.2+9-windows-aarch64.zip	https://github.com/bell-sw/Liberica/releases/download/19.0.2+9/bellsoft-jre19.0.2+9-windows-aarch64.zip	4905a8a9ebde0d250635ba621a8f3919705d8cd7c18b13a6b17578b988ec1009
liberica-jre-20+37	bellsoft-jre20+37-windows-aarch64.zip	https://github.com/bell-sw/Liberica/releases/download/20+37/bellsoft-jre20+37-windows-aarch64.zip	6bbcbba9c422caacd212948ba9c2d23e7029b6a7f46fd0578a3446d4dde5ea5c
liberica-jre-20.0.1+10	bellsoft-jre20.0.1+10-windows-aarch64.zip	https://github.com/bell-sw/Liberica/releases/download/20.0.1+10/bellsoft-jre20.0.1+10-windows-aarch64.zip	59ab6dcd4f4156f131bf6c6b56135a33ae3b954724d2e21527593babbedf9ed8
liberica-jre-javafx-11.0.11+9	bellsoft-jre11.0.11+9-windows-aarch64-full.zip	https://github.com/bell-sw/Liberica/releases/download/11.0.11+9/bellsoft-jre11.0.11+9-windows-aarch64-full.zip	0d6e85c5c225b3887a4a39443ded601eab856e4c3d04ea226ed8110ed3e840e3
liberica-jre-javafx-11.0.12+7	bellsoft-jre11.0.12+7-windows-aarch64-full.zip	https://github.com/bell-sw/Liberica/releases/download/11.0.12+7/bellsoft-jre11.0.12+7-windows-aarch64-full.zip	3513327135b375d1c68eb6d92a4a99afe13437205fecb8e43083bbbede0c4ff0
liberica-jre-javafx-11.0.13+8	bellsoft-jre11.0.13+8-windows-aarch64-full.zip	https://github.com/bell-sw/Liberica/releases/download/11.0.13+8/bellsoft-jre11.0.13+8-windows-aarch64-full.zip	70a94543c35af65810a0bb00a0c6810ecf8107914d84dec9a8ae70b235c723c7
liberica-jre-javafx-11.0.14+9	bellsoft-jre11.0.14+9-windows-aarch64-full.zip	https://github.com/bell-sw/Liberica/releases/download/11.0.14+9/bellsoft-jre11.0.14+9-windows-aarch64-full.zip	19150febfef469bddd2eec179c80d09860f846f6f4883465ad86638d766139bb
liberica-jre-javafx-11.0.14.1+1	bellsoft-jre11.0.14.1+1-windows-aarch64-full.zip	https://github.com/bell-sw/Liberica/releases/download/11.0.14.1+1/bellsoft-jre11.0.14.1+1-windows-aarch64-full.zip	b38e7cd658fc8ec841c75aa638e0357e28291bb52f7daaad8190f1ff6b22a035
liberica-jre-javafx-11.0.15+10	bellsoft-jre11.0.15+10-windows-aarch64-full.zip	https://github.com/bell-sw/Liberica/releases/download/11.0.15+10/bellsoft-jre11.0.15+10-windows-aarch64-full.zip	227ad21b8a78214d31ab86abda53861c2fc5e4bded2ec8ce4e410c97eab74c48
liberica-jre-javafx-11.0.15.1+2	bellsoft-jre11.0.15.1+2-windows-aarch64-full.zip	https://github.com/bell-sw/Liberica/releases/download/11.0.15.1+2/bellsoft-jre11.0.15.1+2-windows-aarch64-full.zip	52b4000baed02f7b5cadfc40eb1420773376ae042bf685783aba76f5b9be2122
liberica-jre-javafx-11.0.16+8	bellsoft-jre11.0.16+8-windows-aarch64-full.zip	https://github.com/bell-sw/Liberica/releases/download/11.0.16+8/bellsoft-jre11.0.16+8-windows-aarch64-full.zip	725ad8d1d379c66f2e1266634fd07b666866fd7b089865f43253dad32930f1a8
liberica-jre-javafx-11.0.16.1+1	bellsoft-jre11.0.16.1+1-windows-aarch64-full.zip	https://github.com/bell-sw/Liberica/releases/download/11.0.16.1+1/bellsoft-jre11.0.16.1+1-windows-aarch64-full.zip	5fa40c88c857600e09a7ea319378b60a1f6c8e518008181492dd689723d117ff
liberica-jre-javafx-11.0.17+7	bellsoft-jre11.0.17+7-windows-aarch64-full.zip	https://github.com/bell-sw/Liberica/releases/download/11.0.17+7/bellsoft-jre11.0.17+7-windows-aarch64-full.zip	90a004e1bb5cd75b10dec299d7c7ba70f6d0f9858bf89dd402ef556c50d6d5a7
liberica-jre-javafx-11.0.18+10	bellsoft-jre11.0.18+10-windows-aarch64-full.zip	https://github.com/bell-sw/Liberica/releases/download/11.0.18+10/bellsoft-jre11.0.18+10-windows-aarch64-full.zip	33100b3185624bc5e5b9e995cdd4b1d775a6a21bce359cda19dbd6f267a47911
liberica-jre-javafx-11.0.19+7	bellsoft-jre11.0.19+7-windows-aarch64-full.zip	https://github.com/bell-sw/Liberica/releases/download/11.0.19+7/bellsoft-jre11.0.19+7-windows-aarch64-full.zip	448f31e8ae6523abf6c1c01aae2015b47f8c8f23b56ed9ca4712a1161294b863
liberica-jre-javafx-16.0.1+9	bellsoft-jre16.0.1+9-windows-aarch64-full.zip	https://github.com/bell-sw/Liberica/releases/download/16.0.1+9/bellsoft-jre16.0.1+9-windows-aarch64-full.zip	2015f366ffd228386d5774c837e148162ea93aa2a42f1a90c10fb18d24615643
liberica-jre-javafx-16.0.2+7	bellsoft-jre16.0.2+7-windows-aarch64-full.zip	https://github.com/bell-sw/Liberica/releases/download/16.0.2+7/bellsoft-jre16.0.2+7-windows-aarch64-full.zip	a853823381bb83e589441ddd1efebcc82de8a3c8725b716a30c1633f4ed80dd1
liberica-jre-javafx-17+35	bellsoft-jre17+35-windows-aarch64-full.zip	https://github.com/bell-sw/Liberica/releases/download/17+35/bellsoft-jre17+35-windows-aarch64-full.zip	cc14b390fa1ddc79fbbebd0b502f1df132b790bfb5fcb99c594fb61f67452344
liberica-jre-javafx-17.0.1+12	bellsoft-jre17.0.1+12-windows-aarch64-full.zip	https://github.com/bell-sw/Liberica/releases/download/17.0.1+12/bellsoft-jre17.0.1+12-windows-aarch64-full.zip	35978ad5ea0b7b39e7ba3a8b185aac298d82e0cd54d3958954ff3dc35fb7b3b0
liberica-jre-javafx-17.0.2+9	bellsoft-jre17.0.2+9-windows-aarch64-full.zip	https://github.com/bell-sw/Liberica/releases/download/17.0.2+9/bellsoft-jre17.0.2+9-windows-aarch64-full.zip	4122157dc77137263caea6297be589672711083d44e471f7703d1cd983f14566
liberica-jre-javafx-17.0.3+7	bellsoft-jre17.0.3+7-windows-aarch64-full.zip	https://github.com/bell-sw/Liberica/releases/download/17.0.3+7/bellsoft-jre17.0.3+7-windows-aarch64-full.zip	d6d31590f10825de6093090da58a1a089aa14282fb6df6d3a3aa6e910cd2f5e6
liberica-jre-javafx-17.0.3.1+2	bellsoft-jre17.0.3.1+2-windows-aarch64-full.zip	https://github.com/bell-sw/Liberica/releases/download/17.0.3.1+2/bellsoft-jre17.0.3.1+2-windows-aarch64-full.zip	c59d9d2a256542fb75ecf906544135c41644171092916ca4f8bf4249428f4eb0
liberica-jre-javafx-17.0.4+8	bellsoft-jre17.0.4+8-windows-aarch64-full.zip	https://github.com/bell-sw/Liberica/releases/download/17.0.4+8/bellsoft-jre17.0.4+8-windows-aarch64-full.zip	b324dbf69bf2e29c195eddce172661f43a23562d46cc6c6df81ef95c5ae5a5c1
liberica-jre-javafx-17.0.4.1+1	bellsoft-jre17.0.4.1+1-windows-aarch64-full.zip	https://github.com/bell-sw/Liberica/releases/download/17.0.4.1+1/bellsoft-jre17.0.4.1+1-windows-aarch64-full.zip	77c240f40de846563790df2d0f647136a858c3d80c88f0b3c826adddaa91e0a6
liberica-jre-javafx-17.0.5+8	bellsoft-jre17.0.5+8-windows-aarch64-full.zip	https://github.com/bell-sw/Liberica/releases/download/17.0.5+8/bellsoft-jre17.0.5+8-windows-aarch64-full.zip	2590a513e7ce6964a128a68a0878e7aa62a1fe19a94431f578d8b7780ad6a0c5
liberica-jre-javafx-17.0.6+10	bellsoft-jre17.0.6+10-windows-aarch64-full.zip	https://github.com/bell-sw/Liberica/releases/download/17.0.6+10/bellsoft-jre17.0.6+10-windows-aarch64-full.zip	802a1b64ef3c79abaa0215e9757a011c2967b3cce37f517faac4852042cb16f3
liberica-jre-javafx-17.0.7+7	bellsoft-jre17.0.7+7-windows-aarch64-full.zip	https://github.com/bell-sw/Liberica/releases/download/17.0.7+7/bellsoft-jre17.0.7+7-windows-aarch64-full.zip	6e9f832d265fe4c3f8dfedeccfe7348805c199df718178bf2fa62031138e566e
liberica-jre-javafx-18+37	bellsoft-jre18+37-windows-aarch64-full.zip	https://github.com/bell-sw/Liberica/releases/download/18+37/bellsoft-jre18+37-windows-aarch64-full.zip	2395eadede407db9b3530a729eeb37c89ce4a58b7095814fb34922b868eb5533
liberica-jre-javafx-18.0.1+12	bellsoft-jre18.0.1+12-windows-aarch64-full.zip	https://github.com/bell-sw/Liberica/releases/download/18.0.1+12/bellsoft-jre18.0.1+12-windows-aarch64-full.zip	0217a935320a9e55f035a4b581de4d3d5fcf11c30db16e5e2e6241da0a13814e
liberica-jre-javafx-18.0.1.1+2	bellsoft-jre18.0.1.1+2-windows-aarch64-full.zip	https://github.com/bell-sw/Liberica/releases/download/18.0.1.1+2/bellsoft-jre18.0.1.1+2-windows-aarch64-full.zip	f3cc7ee9ecb562e83eef3404ebab43210ecc3a01c2a2e072b09a044fb1843a06
liberica-jre-javafx-18.0.2+10	bellsoft-jre18.0.2+10-windows-aarch64-full.zip	https://github.com/bell-sw/Liberica/releases/download/18.0.2+10/bellsoft-jre18.0.2+10-windows-aarch64-full.zip	880d2d16508dc3f25a8b3f905738e8054a4b8beac9a9b4c7cf69e715fcbded42
liberica-jre-javafx-18.0.2.1+1	bellsoft-jre18.0.2.1+1-windows-aarch64-full.zip	https://github.com/bell-sw/Liberica/releases/download/18.0.2.1+1/bellsoft-jre18.0.2.1+1-windows-aarch64-full.zip	aaf84d4a2107c4172fd821de64cba3def4b6746d898b04bdb106979825a8aa46
liberica-jre-javafx-19+37	bellsoft-jre19+37-windows-aarch64-full.zip	https://github.com/bell-sw/Liberica/releases/download/19+37/bellsoft-jre19+37-windows-aarch64-full.zip	838228d30ac3f3d93f95fc807c1a7821664e454c76b7d65d271e1533ad118c54
liberica-jre-javafx-19.0.1+11	bellsoft-jre19.0.1+11-windows-aarch64-full.zip	https://github.com/bell-sw/Liberica/releases/download/19.0.1+11/bellsoft-jre19.0.1+11-windows-aarch64-full.zip	ee679e5f59ee32ea37c4c7e58bae797257e5300aa5e3f72a3e219d20eb1f0ca4
liberica-jre-javafx-19.0.2+9	bellsoft-jre19.0.2+9-windows-aarch64-full.zip	https://github.com/bell-sw/Liberica/releases/download/19.0.2+9/bellsoft-jre19.0.2+9-windows-aarch64-full.zip	b11ac459fd3fa1330294db87797b9d26db61668ebd0115a921e8ce921e3b6e50
liberica-jre-javafx-20+37	bellsoft-jre20+37-windows-aarch64-full.zip	https://github.com/bell-sw/Liberica/releases/download/20+37/bellsoft-jre20+37-windows-aarch64-full.zip	90a4fe4496bc136971fac2acee3113a51df5dcc557d626f0c86a12e573ae38df
liberica-jre-javafx-20.0.1+10	bellsoft-jre20.0.1+10-windows-aarch64-full.zip	https://github.com/bell-sw/Liberica/releases/download/20.0.1+10/bellsoft-jre20.0.1+10-windows-aarch64-full.zip	2b7d35a3015a18dd3547ce48fc4a382af977b898ef96a3d5c8c9eee982f5e1fc
liberica-lite-11.0.11+9	bellsoft-jdk11.0.11+9-windows-aarch64-lite.zip	https://github.com/bell-sw/Liberica/releases/download/11.0.11+9/bellsoft-jdk11.0.11+9-windows-aarch64-lite.zip	343ac86619b4c36e73e28fc3c3b8e292fafb4643857fe0b9418a7a1b0b54d370
liberica-lite-11.0.12+7	bellsoft-jdk11.0.12+7-windows-aarch64-lite.zip	https://github.com/bell-sw/Liberica/releases/download/11.0.12+7/bellsoft-jdk11.0.12+7-windows-aarch64-lite.zip	08f6f5a1260bb432ea27c46090c144c298844b2975b1c9cd1a09c50bed8a739c
liberica-lite-11.0.13+8	bellsoft-jdk11.0.13+8-windows-aarch64-lite.zip	https://github.com/bell-sw/Liberica/releases/download/11.0.13+8/bellsoft-jdk11.0.13+8-windows-aarch64-lite.zip	bc069f52f6de88f3a12a2fdfe1447cb467279b9ac1b465f7f35b22a717d304fa
liberica-lite-11.0.14+9	bellsoft-jdk11.0.14+9-windows-aarch64-lite.zip	https://github.com/bell-sw/Liberica/releases/download/11.0.14+9/bellsoft-jdk11.0.14+9-windows-aarch64-lite.zip	11af39634391caf7bad5b2a129d1869485a3d03acf4afcd820714ebafac2daa3
liberica-lite-11.0.14.1+1	bellsoft-jdk11.0.14.1+1-windows-aarch64-lite.zip	https://github.com/bell-sw/Liberica/releases/download/11.0.14.1+1/bellsoft-jdk11.0.14.1+1-windows-aarch64-lite.zip	b9803525880666203bc838ae28e3f5639e892ea9a3e6cda66dd29de8e1a1f6b8
liberica-lite-11.0.15+10	bellsoft-jdk11.0.15+10-windows-aarch64-lite.zip	https://github.com/bell-sw/Liberica/releases/download/11.0.15+10/bellsoft-jdk11.0.15+10-windows-aarch64-lite.zip	768441688e17fe13262452488c09bf0a29f9b388903f0434037288e39d85e676
liberica-lite-11.0.15.1+2	bellsoft-jdk11.0.15.1+2-windows-aarch64-lite.zip	https://github.com/bell-sw/Liberica/releases/download/11.0.15.1+2/bellsoft-jdk11.0.15.1+2-windows-aarch64-lite.zip	9bb16cb5c80828978ec2ee39333dcdf7ab11a67bdfd6332fdf5c7add1d8ee1aa
liberica-lite-11.0.16+8	bellsoft-jdk11.0.16+8-windows-aarch64-lite.zip	https://github.com/bell-sw/Liberica/releases/download/11.0.16+8/bellsoft-jdk11.0.16+8-windows-aarch64-lite.zip	6217e62ed48402da86bca4983bb9251ecbccd278a8252cf5008d517ef3195ee3
liberica-lite-11.0.16.1+1	bellsoft-jdk11.0.16.1+1-windows-aarch64-lite.zip	https://github.com/bell-sw/Liberica/releases/download/11.0.16.1+1/bellsoft-jdk11.0.16.1+1-windows-aarch64-lite.zip	97adc4721a1573a529d213516057acaef268ea68d0d7570ff6bc8283ff08de94
liberica-lite-11.0.17+7	bellsoft-jdk11.0.17+7-windows-aarch64-lite.zip	https://github.com/bell-sw/Liberica/releases/download/11.0.17+7/bellsoft-jdk11.0.17+7-windows-aarch64-lite.zip	bc04c621c4c17935076ab828ca254029f52b4d2287a805bb50c7dba08b24723d
liberica-lite-11.0.18+10	bellsoft-jdk11.0.18+10-windows-aarch64-lite.zip	https://github.com/bell-sw/Liberica/releases/download/11.0.18+10/bellsoft-jdk11.0.18+10-windows-aarch64-lite.zip	ec80e7650a0a547cfc2ecfa6fb7dc427bcd2aac5fd620f2623f82067439c1739
liberica-lite-11.0.19+7	bellsoft-jdk11.0.19+7-windows-aarch64-lite.zip	https://github.com/bell-sw/Liberica/releases/download/11.0.19+7/bellsoft-jdk11.0.19+7-windows-aarch64-lite.zip	b238091f0db8856ce934fcffa3b46a7de0caf1fcaf3824234533596087885b68
liberica-lite-16.0.1+9	bellsoft-jdk16.0.1+9-windows-aarch64-lite.zip	https://github.com/bell-sw/Liberica/releases/download/16.0.1+9/bellsoft-jdk16.0.1+9-windows-aarch64-lite.zip	f47fb6d91ad11993ca53508bf6447f94153d510508e331c47e5e33148d6eb54d
liberica-lite-16.0.2+7	bellsoft-jdk16.0.2+7-windows-aarch64-lite.zip	https://github.com/bell-sw/Liberica/releases/download/16.0.2+7/bellsoft-jdk16.0.2+7-windows-aarch64-lite.zip	f845a206f427b4a7b247925bab097e3cd375e0429f2638b58203b733df7eee9b
liberica-lite-17+35	bellsoft-jdk17+35-windows-aarch64-lite.zip	https://github.com/bell-sw/Liberica/releases/download/17+35/bellsoft-jdk17+35-windows-aarch64-lite.zip	9c01f9386f3a7b1fee1058a822a673b3ae9a45436ebcd5a63bb1790ab8083420
liberica-lite-17.0.1+12	bellsoft-jdk17.0.1+12-windows-aarch64-lite.zip	https://github.com/bell-sw/Liberica/releases/download/17.0.1+12/bellsoft-jdk17.0.1+12-windows-aarch64-lite.zip	bbfffc2f461ea3f2e75d31c61067d7f390884fdf9793cc8b9baa69a7f8193e30
liberica-lite-17.0.2+9	bellsoft-jdk17.0.2+9-windows-aarch64-lite.zip	https://github.com/bell-sw/Liberica/releases/download/17.0.2+9/bellsoft-jdk17.0.2+9-windows-aarch64-lite.zip	ea65b22010bf77491c7ab42aacb7ec491c7a00d48e42117041c8119a413bd7a4
liberica-lite-17.0.3+7	bellsoft-jdk17.0.3+7-windows-aarch64-lite.zip	https://github.com/bell-sw/Liberica/releases/download/17.0.3+7/bellsoft-jdk17.0.3+7-windows-aarch64-lite.zip	075dd4c372bceeeb0a2d7edd2248b7ada6b1034014f357c1c88103785e223c0f
liberica-lite-17.0.3.1+2	bellsoft-jdk17.0.3.1+2-windows-aarch64-lite.zip	https://github.com/bell-sw/Liberica/releases/download/17.0.3.1+2/bellsoft-jdk17.0.3.1+2-windows-aarch64-lite.zip	1258cdebdf396d705a167dc827854375b6a7e28c89773760229ee7a641bee626
liberica-lite-17.0.4+8	bellsoft-jdk17.0.4+8-windows-aarch64-lite.zip	https://github.com/bell-sw/Liberica/releases/download/17.0.4+8/bellsoft-jdk17.0.4+8-windows-aarch64-lite.zip	9d9483723108a5adca3c7855f4f443e24945291f293423ca9b57c2e03430b856
liberica-lite-17.0.4.1+1	bellsoft-jdk17.0.4.1+1-windows-aarch64-lite.zip	https://github.com/bell-sw/Liberica/releases/download/17.0.4.1+1/bellsoft-jdk17.0.4.1+1-windows-aarch64-lite.zip	56afe15c674d35d777a9653c7864938220be9811fec0957175cf11c09dcc53c4
liberica-lite-17.0.5+8	bellsoft-jdk17.0.5+8-windows-aarch64-lite.zip	https://github.com/bell-sw/Liberica/releases/download/17.0.5+8/bellsoft-jdk17.0.5+8-windows-aarch64-lite.zip	7d6fcfc68155407c49c3ee1f07ce67ac2eb7efe4eed5b2029d932f8cbfee41fe
liberica-lite-17.0.6+10	bellsoft-jdk17.0.6+10-windows-aarch64-lite.zip	https://github.com/bell-sw/Liberica/releases/download/17.0.6+10/bellsoft-jdk17.0.6+10-windows-aarch64-lite.zip	4687d510b334f3095246a564207872ed361b7581d6511c873c0fc5da2ede26b3
liberica-lite-17.0.7+7	bellsoft-jdk17.0.7+7-windows-aarch64-lite.zip	https://github.com/bell-sw/Liberica/releases/download/17.0.7+7/bellsoft-jdk17.0.7+7-windows-aarch64-lite.zip	b87be53aeea12567a7462a9e405e9df8aec8108c7e1a9a3710d22265d69b2ce4
liberica-lite-18+37	bellsoft-jdk18+37-windows-aarch64-lite.zip	https://github.com/bell-sw/Liberica/releases/download/18+37/bellsoft-jdk18+37-windows-aarch64-lite.zip	b9f39922cc519e4842c6409ef2b4138d9161837dec1fd384c7f414c346e07df5
liberica-lite-18.0.1+12	bellsoft-jdk18.0.1+12-windows-aarch64-lite.zip	https://github.com/bell-sw/Liberica/releases/download/18.0.1+12/bellsoft-jdk18.0.1+12-windows-aarch64-lite.zip	382a3a6e99807be0f662ee9f68aeaa050e7697c87b0365b7e466a31054c47cfa
liberica-lite-18.0.1.1+2	bellsoft-jdk18.0.1.1+2-windows-aarch64-lite.zip	https://github.com/bell-sw/Liberica/releases/download/18.0.1.1+2/bellsoft-jdk18.0.1.1+2-windows-aarch64-lite.zip	a5ca87e0212bc4794b05ee553e03d699840f5aa0457f05759fe3c4f6c2663315
liberica-lite-18.0.2+10	bellsoft-jdk18.0.2+10-windows-aarch64-lite.zip	https://github.com/bell-sw/Liberica/releases/download/18.0.2+10/bellsoft-jdk18.0.2+10-windows-aarch64-lite.zip	5a99a72c21108a6c618b1a1216ca12521d144303f8f85e90c1893e60d8e64840
liberica-lite-18.0.2.1+1	bellsoft-jdk18.0.2.1+1-windows-aarch64-lite.zip	https://github.com/bell-sw/Liberica/releases/download/18.0.2.1+1/bellsoft-jdk18.0.2.1+1-windows-aarch64-lite.zip	96eef2aa5c55252f3b2d13b2004d250bc37687f48abf49c9ead8472a78a179cc
liberica-lite-19+37	bellsoft-jdk19+37-windows-aarch64-lite.zip	https://github.com/bell-sw/Liberica/releases/download/19+37/bellsoft-jdk19+37-windows-aarch64-lite.zip	1a4f22d9f4a53652acb7892c96e8bd4c1ec450b2199a909750d107268d1bb7d5
liberica-lite-19.0.1+11	bellsoft-jdk19.0.1+11-windows-aarch64-lite.zip	https://github.com/bell-sw/Liberica/releases/download/19.0.1+11/bellsoft-jdk19.0.1+11-windows-aarch64-lite.zip	e934e529b3c327c48b692058a31d16220355cf7931f55e677e67673bc6cd9d26
liberica-lite-19.0.2+9	bellsoft-jdk19.0.2+9-windows-aarch64-lite.zip	https://github.com/bell-sw/Liberica/releases/download/19.0.2+9/bellsoft-jdk19.0.2+9-windows-aarch64-lite.zip	cb0452f2255d99abab041fcca84cf9622283748532d878281e5036c82eb472ab
liberica-lite-20+37	bellsoft-jdk20+37-windows-aarch64-lite.zip	https://github.com/bell-sw/Liberica/releases/download/20+37/bellsoft-jdk20+37-windows-aarch64-lite.zip	5131f42d516f3d436fb7cacc1b8c9973e3c7ccb7625ac7dd97787d0616566f80
liberica-lite-20.0.1+10	bellsoft-jdk20.0.1+10-windows-aarch64-lite.zip	https://github.com/bell-sw/Liberica/releases/download/20.0.1+10/bellsoft-jdk20.0.1+10-windows-aarch64-lite.zip	b58716dc1c1a30518a46638ab4f4c5d30a7e00da897c5885125856a2cffe28be
microsoft-11.0.12.7.1	microsoft-jdk-11.0.12.7.1-windows-aarch64.zip	https://aka.ms/download-jdk/microsoft-jdk-11.0.12.7.1-windows-aarch64.zip	1f25c475da0cdd3c3b65d4341281f1b6b55b93464d814452f8b50a3d1e346825
microsoft-11.0.13.8.1	microsoft-jdk-11.0.13.8.1-windows-aarch64.zip	https://aka.ms/download-jdk/microsoft-jdk-11.0.13.8.1-windows-aarch64.zip	b8a28e6e767d90acf793ea6f5bed0bb595ba0ba5ebdf8b99f395266161e53ec2
microsoft-11.0.14.9.1	microsoft-jdk-11.0.14.9.1-windows-aarch64.zip	https://aka.ms/download-jdk/microsoft-jdk-11.0.14.9.1-windows-aarch64.zip	7a6566c8dc84868e78a27295b041c409e72b08df4b5dfbcd220b65e65399c34e
microsoft-11.0.15	microsoft-jdk-11.0.15-windows-aarch64.zip	https://aka.ms/download-jdk/microsoft-jdk-11.0.15-windows-aarch64.zip	3d73a580d65ddae0ec6b31882612bfa5825fe9092b20e3f8f4c9cf8bfe3672e4
microsoft-11.0.16	microsoft-jdk-11.0.16-windows-aarch64.zip	https://aka.ms/download-jdk/microsoft-jdk-11.0.16-windows-aarch64.zip	0a458845e85f098a3d4bfc0a760da45ad28f4e081641570d1a366d230a3eaed7
microsoft-11.0.16.1	microsoft-jdk-11.0.16.1-windows-aarch64.zip	https://aka.ms/download-jdk/microsoft-jdk-11.0.16.1-windows-aarch64.zip	166c8f8533aa6797ae7d70cda5823216956a5ca1999416f42858ceb3e00f87b3
microsoft-11.0.17	microsoft-jdk-11.0.17-windows-aarch64.zip	https://aka.ms/download-jdk/microsoft-jdk-11.0.17-windows-aarch64.zip	43e8f19d449fd0e063ca394e71312f791ecffb662201a4e1989966f43f5e61a6
microsoft-11.0.18	microsoft-jdk-11.0.18-windows-aarch64.zip	https://aka.ms/download-jdk/microsoft-jdk-11.0.18-windows-aarch64.zip	ce184bd7541a1e39cf2e76653907a7ed233dc95827a76f95769e9b34e90b429b
microsoft-11.0.19	microsoft-jdk-11.0.19-windows-aarch64.zip	https://aka.ms/download-jdk/microsoft-jdk-11.0.19-windows-aarch64.zip	2f321bfe2cd2a4759b061f37c82d57d8944e0983bda84d6f9a4d790dd21ccb94
microsoft-16.0.1.9.1	microsoft-jdk-16.0.1.9.1-windows-aarch64.zip	https://aka.ms/download-jdk/microsoft-jdk-16.0.1.9.1-windows-aarch64.zip	803aa1fb62007cb805054fcc72ff90742197f38ef30ee7a2fcf682a08814d376
microsoft-16.0.2.7.1	microsoft-jdk-16.0.2.7.1-windows-aarch64.zip	https://aka.ms/download-jdk/microsoft-jdk-16.0.2.7.1-windows-aarch64.zip	35e228697ac7bde071dd854bd1dfdc3357adcf3a1370267e6ed8cc6891b9aef2
microsoft-17.0.1.12.1	microsoft-jdk-17.0.1.12.1-windows-aarch64.zip	https://aka.ms/download-jdk/microsoft-jdk-17.0.1.12.1-windows-aarch64.zip	bab033c7e631de655fd77029079a9f1e7e1fc59d96e1a8a735e335797d515a50
microsoft-17.0.2.8.1	microsoft-jdk-17.0.2.8.1-windows-aarch64.zip	https://aka.ms/download-jdk/microsoft-jdk-17.0.2.8.1-windows-aarch64.zip	8cb65a0b60857fa795da7ef18b85c1ed482b07ed436adf07374203c708b181df
microsoft-17.0.3	microsoft-jdk-17.0.3-windows-aarch64.zip	https://aka.ms/download-jdk/microsoft-jdk-17.0.3-windows-aarch64.zip	eb4c07f9f6e675c08da5b5f0ebfec53e65e1505b86c447b706f177f9ae7aaefa
microsoft-17.0.4	microsoft-jdk-17.0.4-windows-aarch64.zip	https://aka.ms/download-jdk/microsoft-jdk-17.0.4-windows-aarch64.zip	ff40aef53fa0077e3d6a4dd312440c04f25f22fd37dfb3e7b82b672f33fc393c
microsoft-17.0.4.1	microsoft-jdk-17.0.4.1-windows-aarch64.zip	https://aka.ms/download-jdk/microsoft-jdk-17.0.4.1-windows-aarch64.zip	71b875fd425928416fe670197e73dd78c09f71897e7e18cb319baa26685c383e
microsoft-17.0.5	microsoft-jdk-17.0.5-windows-aarch64.zip	https://aka.ms/download-jdk/microsoft-jdk-17.0.5-windows-aarch64.zip	d5bb218b0b8f6614bf95b5dd02c8afb6c610406b277fa0ab3ded450c1b78eced
microsoft-17.0.6	microsoft-jdk-17.0.6-windows-aarch64.zip	https://aka.ms/download-jdk/microsoft-jdk-17.0.6-windows-aarch64.zip	0a24e2382841387bad274ff70f0c3537e3eb3ceb47bc8bc5dc22626b2cb6a87c
microsoft-17.0.7	microsoft-jdk-17.0.7-windows-aarch64.zip	https://aka.ms/download-jdk/microsoft-jdk-17.0.7-windows-aarch64.zip	0df2e62786f71b417c5e2cb76ab26cbd3e5a140a759fa149b308f7fa9e14637d
microsoft-17.35.1	microsoft-jdk-17.35.1-windows-aarch64.zip	https://aka.ms/download-jdk/microsoft-jdk-17.35.1-windows-aarch64.zip	581e648d12d2cf0ad9432e0b852a977b319f092816ccc520256d1b68e0189a59
zulu-16.30.17	zulu16.30.17-ca-jdk16.0.1-win_aarch64.tar.gz	https://static.azul.com/zulu/bin/zulu16.30.17-ca-jdk16.0.1-win_aarch64.tar.gz	64aa9256770b82af24d21b03ade851e0d8ea3cbd82d6c4268272da82566be860
zulu-16.30.17	zulu16.30.17-ca-jdk16.0.1-win_aarch64.zip	https://static.azul.com/zulu/bin/zulu16.30.17-ca-jdk16.0.1-win_aarch64.zip	5263cfc5f9526a5cb9520111d5abb506c6cad18bd1d1ea165d0f218cfd1318c3
zulu-16.32.15	zulu16.32.15-ca-jdk16.0.2-win_aarch64.tar.gz	https://static.azul.com/zulu/bin/zulu16.32.15-ca-jdk16.0.2-win_aarch64.tar.gz	48fe3f92bfd82c691f039af692f6846174f20f7c47c49c8ab7be8d5d0882decb
zulu-16.32.15	zulu16.32.15-ca-jdk16.0.2-win_aarch64.zip	https://static.azul.com/zulu/bin/zulu16.32.15-ca-jdk16.0.2-win_aarch64.zip	1b292e24f9d3e3cb6e80ea389646f03c115b19398a86e1aed3892cf80f638d71
zulu-17.28.13	zulu17.28.13-ca-jdk17.0.0-win_aarch64.zip	https://static.azul.com/zulu/bin/zulu17.28.13-ca-jdk17.0.0-win_aarch64.zip	a8ca95fc299370ac015fb38dd1815a08b1ae468bfa95876537553392d4177eb1
zulu-17.30.15	zulu17.30.15-ca-jdk17.0.1-win_aarch64.zip	https://static.azul.com/zulu/bin/zulu17.30.15-ca-jdk17.0.1-win_aarch64.zip	811d7e7591bac4f081dfb00ba6bd15b6fc5969e1f89f0f327ef75147027c3877
zulu-17.32.13	zulu17.32.13-ca-jdk17.0.2-win_aarch64.zip	https://static.azul.com/zulu/bin/zulu17.32.13-ca-jdk17.0.2-win_aarch64.zip	1a9d4ab3b52ce3db7354691163e5a36979af9c37d80c3c490c12af07de21d8f3
zulu-17.34.19	zulu17.34.19-ca-jdk17.0.3-win_aarch64.zip	https://static.azul.com/zulu/bin/zulu17.34.19-ca-jdk17.0.3-win_aarch64.zip	16ba0ff16c09b76926f4f1e40acb522cccb607294f4f210d390c1dc92ad07752
zulu-17.36.13	zulu17.36.13-ca-jdk17.0.4-win_aarch64.zip	https://static.azul.com/zulu/bin/zulu17.36.13-ca-jdk17.0.4-win_aarch64.zip	ae1bd0f98ba50cce5fcb8e4b38d25e06ba5b83f68b5023d211954cf98abe03b0
zulu-17.36.17	zulu17.36.17-ca-jdk17.0.4.1-win_aarch64.zip	https://static.azul.com/zulu/bin/zulu17.36.17-ca-jdk17.0.4.1-win_aarch64.zip	c3b74bbfa7de23b3c12cf2151828d05e95e44f1226b6e7c091ada63dfa0d66a9
zulu-17.38.21	zulu17.38.21-ca-jdk17.0.5-win_aarch64.zip	https://static.azul.com/zulu/bin/zulu17.38.21-ca-jdk17.0.5-win_aarch64.zip	bc3476f2161bf99bc9a243ff535b8fc033b34ce9a2fa4b62fb8d79b6bfdc427f
zulu-17.40.19	zulu17.40.19-ca-jdk17.0.6-win_aarch64.zip	https://static.azul.com/zulu/bin/zulu17.40.19-ca-jdk17.0.6-win_aarch64.zip	15833f5457cccdea24360185afdf30b8cc564502da5a9eab455d48f4f2c038ab
zulu-17.42.19	zulu17.42.19-ca-jdk17.0.7-win_aarch64.zip	https://static.azul.com/zulu/bin/zulu17.42.19-ca-jdk17.0.7-win_aarch64.zip	4c9fcb28dc12c5aa0beacd6750c4e3db08ab4c96dbc3606bbf0a400e71c420e5
zulu-18.28.13	zulu18.28.13-ca-jdk18.0.0-win_aarch64.zip	https://static.azul.com/zulu/bin/zulu18.28.13-ca-jdk18.0.0-win_aarch64.zip	9b52b259516e4140ee56b91f77750667bffbc543e78ad8c39082449d4c377b54
zulu-18.30.11	zulu18.30.11-ca-jdk18.0.1-win_aarch64.zip	https://static.azul.com/zulu/bin/zulu18.30.11-ca-jdk18.0.1-win_aarch64.zip	b85c1542472e68a35d566ffc5dce511138e5fcd658bec56ad263175532bf6d47
zulu-18.32.11	zulu18.32.11-ca-jdk18.0.2-win_aarch64.zip	https://static.azul.com/zulu/bin/zulu18.32.11-ca-jdk18.0.2-win_aarch64.zip	33226f02e741f8361e640047f09a907fb09602df8cf0478aab0d5fb4254eb333
zulu-18.32.13	zulu18.32.13-ca-jdk18.0.2.1-win_aarch64.zip	https://static.azul.com/zulu/bin/zulu18.32.13-ca-jdk18.0.2.1-win_aarch64.zip	2e47bbc5b6a806b37c04bdc5a75f614fb16c71174e4c8d59c00044b9dc46b10b
zulu-19.28.81	zulu19.28.81-ca-jdk19.0.0-win_aarch64.zip	https://static.azul.com/zulu/bin/zulu19.28.81-ca-jdk19.0.0-win_aarch64.zip	e73e851638066c48421a60e01ce7d956c1de0935620e1b66d8bbbd6cdd4f815e
zulu-jre-16.30.17	zulu16.30.17-ca-jre16.0.1-win_aarch64.tar.gz	https://static.azul.com/zulu/bin/zulu16.30.17-ca-jre16.0.1-win_aarch64.tar.gz	53bbc9cb5efb989994b543aa0b09e95ea0c8d57cb34ec59a19d8cfe9f3337a60
zulu-jre-16.30.17	zulu16.30.17-ca-jre16.0.1-win_aarch64.zip	https://static.azul.com/zulu/bin/zulu16.30.17-ca-jre16.0.1-win_aarch64.zip	e2642f518adf64eb07fe1945215f7cf88a802c25d69afadf323581d6d7efcb68
zulu-jre-16.32.15	zulu16.32.15-ca-jre16.0.2-win_aarch64.tar.gz	https://static.azul.com/zulu/bin/zulu16.32.15-ca-jre16.0.2-win_aarch64.tar.gz	d84db171aa772872993591836e7bb1e771286bcb41067c23b3be4b2dd64d6651
zulu-jre-16.32.15	zulu16.32.15-ca-jre16.0.2-win_aarch64.zip	https://static.azul.com/zulu/bin/zulu16.32.15-ca-jre16.0.2-win_aarch64.zip	5b321436957f792a0a6d96cd0532d0fad8141911da60d3b1abe499d1b3805c3e
